company_id,year,cfo_sign,cfi_sign,cff_sign,pattern_label
ABB,Dec 2012,+,-,-,Shareholder Returns
ABB,Mar 2014,+,-,-,Shareholder Returns
ABB,Mar 2014,+,+,+,Cash Accumulator
ABB,Mar 2015,+,-,-,Shareholder Returns
ABB,Mar 2015,-,-,+,Growth Funded by Debt
ABB,Mar 2016,+,-,-,Shareholder Returns
ABB,Mar 2016,+,-,-,Shareholder Returns
ABB,Mar 2017,+,-,-,Shareholder Returns
ABB,Mar 2017,+,-,-,Shareholder Returns
ABB,Mar 2018,+,-,+,Mixed
ABB,Mar 2018,+,-,-,Shareholder Returns
ABB,Mar 2019,+,-,+,Mixed
ABB,Mar 2019,+,-,-,Shareholder Returns
ABB,Mar 2020,+,-,-,Shareholder Returns
ABB,Mar 2020,+,-,+,Mixed
ABB,Mar 2021,+,-,-,Shareholder Returns
ABB,Mar 2021,+,-,-,Shareholder Returns
ABB,Mar 2022,+,-,-,Shareholder Returns
ABB,Mar 2022,+,-,-,Shareholder Returns
ABB,Mar 2023,+,-,+,Mixed
ABB,Mar 2023,+,-,-,Shareholder Returns
ABB,Mar 2024,+,-,-,Shareholder Returns
ABB,Mar 2024,+,-,-,Shareholder Returns
ADANIENSOL,Mar 2014,+,+,+,Cash Accumulator
ADANIENSOL,Mar 2015,-,-,+,Growth Funded by Debt
ADANIENSOL,Mar 2016,+,-,-,Shareholder Returns
ADANIENSOL,Mar 2017,+,-,-,Shareholder Returns
ADANIENSOL,Mar 2018,+,-,+,Mixed
ADANIENSOL,Mar 2019,+,-,+,Mixed
ADANIENSOL,Mar 2020,+,-,+,Mixed
ADANIENSOL,Mar 2021,+,-,-,Shareholder Returns
ADANIENSOL,Mar 2022,+,-,-,Shareholder Returns
ADANIENSOL,Mar 2023,+,-,+,Mixed
ADANIENSOL,Mar 2024,+,-,-,Shareholder Returns
ADANIENT,Mar 2013,+,-,+,Mixed
ADANIENT,Mar 2014,+,-,-,Shareholder Returns
ADANIENT,Mar 2015,+,-,+,Mixed
ADANIENT,Mar 2016,+,-,-,Shareholder Returns
ADANIENT,Mar 2017,+,-,+,Mixed
ADANIENT,Mar 2018,+,-,+,Mixed
ADANIENT,Mar 2019,+,+,-,Liquidating Assets
ADANIENT,Mar 2020,+,-,-,Shareholder Returns
ADANIENT,Mar 2021,+,-,+,Mixed
ADANIENT,Mar 2022,+,-,+,Mixed
ADANIENT,Mar 2023,+,-,-,Shareholder Returns
ADANIENT,Mar 2024,+,-,+,Mixed
ADANIGREEN,Mar 2017,+,-,+,Mixed
ADANIGREEN,Mar 2018,+,-,+,Mixed
ADANIGREEN,Mar 2019,+,-,+,Mixed
ADANIGREEN,Mar 2020,+,-,+,Mixed
ADANIGREEN,Mar 2021,+,-,+,Mixed
ADANIGREEN,Mar 2022,+,-,+,Mixed
ADANIGREEN,Mar 2023,+,-,-,Shareholder Returns
ADANIGREEN,Mar 2024,+,-,+,Mixed
ADANIPORTS,Mar 2013,+,-,+,Mixed
ADANIPORTS,Mar 2014,+,-,+,Mixed
ADANIPORTS,Mar 2015,+,-,-,Shareholder Returns
ADANIPORTS,Mar 2016,+,-,+,Mixed
ADANIPORTS,Mar 2017,+,-,-,Shareholder Returns
ADANIPORTS,Mar 2018,+,-,-,Shareholder Returns
ADANIPORTS,Mar 2019,+,-,+,Mixed
ADANIPORTS,Mar 2020,+,-,-,Shareholder Returns
ADANIPORTS,Mar 2021,+,-,+,Mixed
ADANIPORTS,Mar 2022,+,-,-,Shareholder Returns
ADANIPORTS,Mar 2023,+,-,-,Shareholder Returns
ADANIPORTS,Mar 2024,+,-,-,Shareholder Returns
ADANIPOWER,Mar 2013,+,-,+,Mixed
ADANIPOWER,Mar 2014,+,-,+,Mixed
ADANIPOWER,Mar 2015,+,-,-,Shareholder Returns
ADANIPOWER,Mar 2016,+,-,-,Shareholder Returns
ADANIPOWER,Mar 2017,+,-,-,Shareholder Returns
ADANIPOWER,Mar 2018,+,-,-,Shareholder Returns
ADANIPOWER,Mar 2019,+,-,-,Shareholder Returns
ADANIPOWER,Mar 2020,+,-,-,Shareholder Returns
ADANIPOWER,Mar 2021,+,-,-,Shareholder Returns
ADANIPOWER,Mar 2022,+,+,-,Liquidating Assets
ADANIPOWER,Mar 2023,+,+,-,Liquidating Assets
ADANIPOWER,Mar 2024,+,+,-,Liquidating Assets
AMBUJACEM,Dec 2012,+,-,-,Shareholder Returns
AMBUJACEM,Dec 2013,+,-,-,Shareholder Returns
AMBUJACEM,Dec 2014,+,-,-,Shareholder Returns
AMBUJACEM,Dec 2015,+,-,-,Shareholder Returns
AMBUJACEM,Dec 2016,+,-,-,Shareholder Returns
AMBUJACEM,Dec 2017,+,-,-,Shareholder Returns
AMBUJACEM,Dec 2018,+,-,-,Shareholder Returns
AMBUJACEM,Dec 2019,+,-,-,Shareholder Returns
AMBUJACEM,Dec 2020,+,-,-,Shareholder Returns
AMBUJACEM,Dec 2021,+,-,-,Shareholder Returns
AMBUJACEM,Mar 2024,+,-,+,Mixed
APOLLOHOSP,Mar 2013,+,-,+,Mixed
APOLLOHOSP,Mar 2014,+,-,-,Shareholder Returns
APOLLOHOSP,Mar 2015,+,-,+,Mixed
APOLLOHOSP,Mar 2016,+,-,+,Mixed
APOLLOHOSP,Mar 2017,+,-,+,Mixed
APOLLOHOSP,Mar 2018,+,-,-,Shareholder Returns
APOLLOHOSP,Mar 2019,+,-,-,Shareholder Returns
APOLLOHOSP,Mar 2020,+,-,-,Shareholder Returns
APOLLOHOSP,Mar 2021,+,-,-,Shareholder Returns
APOLLOHOSP,Mar 2022,+,-,-,Shareholder Returns
APOLLOHOSP,Mar 2023,+,-,-,Shareholder Returns
APOLLOHOSP,Mar 2024,+,-,-,Shareholder Returns
ASIANPAINT,Mar 2013,+,-,-,Reinvestor
ASIANPAINT,Mar 2014,+,-,-,Reinvestor
ASIANPAINT,Mar 2015,+,-,-,Reinvestor
ASIANPAINT,Mar 2016,+,-,-,Reinvestor
ASIANPAINT,Mar 2017,+,-,-,Reinvestor
ASIANPAINT,Mar 2018,+,-,-,Reinvestor
ASIANPAINT,Mar 2019,+,-,-,Reinvestor
ASIANPAINT,Mar 2020,+,-,-,Reinvestor
ASIANPAINT,Mar 2021,+,-,-,Reinvestor
ASIANPAINT,Mar 2022,+,-,-,Reinvestor
ASIANPAINT,Mar 2023,+,-,-,Reinvestor
ASIANPAINT,Mar 2024,+,-,-,Reinvestor
AXISBANK,Mar 2013,+,-,+,Mixed
AXISBANK,Mar 2014,+,-,+,Mixed
AXISBANK,Mar 2015,-,-,+,Growth Funded by Debt
AXISBANK,Mar 2016,-,+,+,Distress Signal
AXISBANK,Mar 2017,+,-,-,Shareholder Returns
AXISBANK,Mar 2018,-,-,+,Growth Funded by Debt
AXISBANK,Mar 2019,+,-,+,Mixed
AXISBANK,Mar 2020,+,-,+,Mixed
AXISBANK,Mar 2021,+,-,+,Mixed
AXISBANK,Mar 2022,+,-,+,Mixed
AXISBANK,Mar 2023,+,-,+,Mixed
AXISBANK,Mar 2024,-,-,+,Growth Funded by Debt
BAJAJ-AUTO,Mar 2013,+,-,-,Reinvestor
BAJAJ-AUTO,Mar 2013,+,-,-,Reinvestor
BAJAJ-AUTO,Mar 2014,+,-,-,Reinvestor
BAJAJ-AUTO,Mar 2014,+,-,-,Reinvestor
BAJAJ-AUTO,Mar 2015,+,-,-,Reinvestor
BAJAJ-AUTO,Mar 2015,+,-,-,Reinvestor
BAJAJ-AUTO,Mar 2016,+,-,-,Reinvestor
BAJAJ-AUTO,Mar 2016,+,-,-,Reinvestor
BAJAJ-AUTO,Mar 2017,+,-,-,Reinvestor
BAJAJ-AUTO,Mar 2017,+,-,-,Reinvestor
BAJAJ-AUTO,Mar 2018,+,-,-,Reinvestor
BAJAJ-AUTO,Mar 2018,+,-,-,Reinvestor
BAJAJ-AUTO,Mar 2019,+,-,-,Reinvestor
BAJAJ-AUTO,Mar 2019,+,-,-,Reinvestor
BAJAJ-AUTO,Mar 2020,+,+,-,Liquidating Assets
BAJAJ-AUTO,Mar 2020,+,+,-,Liquidating Assets
BAJAJ-AUTO,Mar 2021,+,-,-,Reinvestor
BAJAJ-AUTO,Mar 2021,+,-,-,Reinvestor
BAJAJ-AUTO,Mar 2022,+,+,-,Liquidating Assets
BAJAJ-AUTO,Mar 2022,+,+,-,Liquidating Assets
BAJAJ-AUTO,Mar 2023,+,+,-,Liquidating Assets
BAJAJ-AUTO,Mar 2023,+,+,-,Liquidating Assets
BAJAJ-AUTO,Mar 2024,+,-,-,Reinvestor
BAJAJ-AUTO,Mar 2024,+,-,-,Reinvestor
BAJAJFINSV,Mar 2013,-,+,+,Distress Signal
BAJAJFINSV,Mar 2014,-,+,+,Distress Signal
BAJAJFINSV,Mar 2015,-,+,+,Distress Signal
BAJAJFINSV,Mar 2016,-,-,+,Growth Funded by Debt
BAJAJFINSV,Mar 2017,-,+,+,Distress Signal
BAJAJFINSV,Mar 2018,-,-,+,Growth Funded by Debt
BAJAJFINSV,Mar 2019,-,-,+,Growth Funded by Debt
BAJAJFINSV,Mar 2020,-,-,+,Growth Funded by Debt
BAJAJFINSV,Mar 2021,+,-,+,Mixed
BAJAJFINSV,Mar 2022,-,+,+,Distress Signal
BAJAJFINSV,Mar 2023,-,-,+,Growth Funded by Debt
BAJAJFINSV,Mar 2024,-,-,+,Growth Funded by Debt
BAJAJHLDNG,Mar 2013,+,-,-,Reinvestor
BAJAJHLDNG,Mar 2014,+,-,-,Reinvestor
BAJAJHLDNG,Mar 2015,+,-,-,Reinvestor
BAJAJHLDNG,Mar 2016,+,+,-,Liquidating Assets
BAJAJHLDNG,Mar 2017,-,-,-,Pre-Revenue
BAJAJHLDNG,Mar 2018,+,-,-,Reinvestor
BAJAJHLDNG,Mar 2019,+,-,-,Reinvestor
BAJAJHLDNG,Mar 2020,+,-,-,Reinvestor
BAJAJHLDNG,Mar 2021,+,-,-,Reinvestor
BAJAJHLDNG,Mar 2022,+,-,-,Reinvestor
BAJAJHLDNG,Mar 2023,+,-,-,Reinvestor
BAJAJHLDNG,Mar 2024,+,-,-,Reinvestor
BAJFINANCE,Mar 2015,-,-,+,Growth Funded by Debt
BAJFINANCE,Mar 2016,-,-,+,Growth Funded by Debt
BAJFINANCE,Mar 2017,-,-,+,Growth Funded by Debt
BAJFINANCE,Mar 2018,-,+,+,Distress Signal
BAJFINANCE,Mar 2019,-,-,+,Growth Funded by Debt
BAJFINANCE,Mar 2020,-,-,+,Growth Funded by Debt
BAJFINANCE,Mar 2021,-,-,+,Growth Funded by Debt
BAJFINANCE,Mar 2022,-,+,+,Distress Signal
BAJFINANCE,Mar 2023,-,-,+,Growth Funded by Debt
BAJFINANCE,Mar 2024,-,-,+,Growth Funded by Debt
BANKBARODA,Mar 2013,+,-,-,Shareholder Returns
BANKBARODA,Mar 2014,+,-,+,Mixed
BANKBARODA,Mar 2015,+,-,-,Shareholder Returns
BANKBARODA,Mar 2016,-,-,-,Pre-Revenue
BANKBARODA,Mar 2017,+,-,-,Shareholder Returns
BANKBARODA,Mar 2018,-,-,+,Growth Funded by Debt
BANKBARODA,Mar 2019,-,-,+,Growth Funded by Debt
BANKBARODA,Mar 2020,+,-,+,Mixed
BANKBARODA,Mar 2021,-,-,-,Pre-Revenue
BANKBARODA,Mar 2022,+,-,-,Shareholder Returns
BANKBARODA,Mar 2023,-,-,-,Pre-Revenue
BANKBARODA,Mar 2024,-,-,+,Growth Funded by Debt
BEL,Mar 2013,-,+,-,Other
BEL,Mar 2014,-,+,-,Other
BEL,Mar 2015,+,-,-,Shareholder Returns
BEL,Mar 2016,+,-,-,Shareholder Returns
BEL,Mar 2017,-,+,-,Other
BEL,Mar 2018,-,-,-,Pre-Revenue
BEL,Mar 2019,+,-,-,Shareholder Returns
BEL,Mar 2020,+,-,-,Shareholder Returns
BEL,Mar 2021,+,-,-,Shareholder Returns
BEL,Mar 2022,+,-,-,Shareholder Returns
BEL,Mar 2023,+,+,-,Liquidating Assets
BEL,Mar 2024,+,-,-,Shareholder Returns
BHARTIARTL,Mar 2013,+,-,-,Shareholder Returns
BHARTIARTL,Mar 2014,+,-,+,Mixed
BHARTIARTL,Mar 2015,+,-,-,Shareholder Returns
BHARTIARTL,Mar 2016,+,-,-,Shareholder Returns
BHARTIARTL,Mar 2017,+,-,-,Shareholder Returns
BHARTIARTL,Mar 2018,+,-,+,Mixed
BHARTIARTL,Mar 2019,+,-,+,Mixed
BHARTIARTL,Mar 2020,+,-,+,Mixed
BHARTIARTL,Mar 2021,+,-,-,Shareholder Returns
BHARTIARTL,Mar 2022,+,-,-,Shareholder Returns
BHARTIARTL,Mar 2023,+,-,-,Shareholder Returns
BHARTIARTL,Mar 2024,+,-,-,Shareholder Returns
BHEL,Mar 2013,+,-,+,Mixed
BHEL,Mar 2014,+,-,+,Mixed
BHEL,Mar 2015,+,+,-,Liquidating Assets
BHEL,Mar 2016,+,+,-,Liquidating Assets
BHEL,Mar 2017,+,-,-,Reinvestor
BHEL,Mar 2018,+,+,-,Liquidating Assets
BHEL,Mar 2019,-,+,-,Other
BHEL,Mar 2020,-,+,+,Distress Signal
BHEL,Mar 2021,+,-,-,Reinvestor
BHEL,Mar 2022,+,-,-,Reinvestor
BHEL,Mar 2023,-,+,+,Distress Signal
BHEL,Mar 2024,-,+,+,Distress Signal
BOSCHLTD,Dec 2012,+,-,-,Reinvestor
BOSCHLTD,Dec 2013,+,-,-,Reinvestor
BOSCHLTD,Mar 2015,+,-,-,Reinvestor
BOSCHLTD,Mar 2016,+,-,-,Reinvestor
BOSCHLTD,Mar 2017,+,+,-,Liquidating Assets
BOSCHLTD,Mar 2018,+,-,-,Reinvestor
BOSCHLTD,Mar 2019,+,+,-,Liquidating Assets
BOSCHLTD,Mar 2020,+,-,-,Reinvestor
BOSCHLTD,Mar 2021,+,-,-,Reinvestor
BOSCHLTD,Mar 2022,+,-,-,Reinvestor
BOSCHLTD,Mar 2023,+,+,-,Liquidating Assets
BOSCHLTD,Mar 2024,+,+,-,Liquidating Assets
BPCL,Mar 2013,+,-,-,Shareholder Returns
BPCL,Mar 2014,+,-,-,Shareholder Returns
BPCL,Mar 2015,+,-,-,Shareholder Returns
BPCL,Mar 2016,+,-,-,Shareholder Returns
BPCL,Mar 2017,+,-,+,Mixed
BPCL,Mar 2018,+,-,-,Shareholder Returns
BPCL,Mar 2019,+,-,+,Mixed
BPCL,Mar 2020,+,-,+,Mixed
BPCL,Mar 2021,+,-,-,Shareholder Returns
BPCL,Mar 2022,+,-,-,Shareholder Returns
BPCL,Mar 2023,+,-,-,Shareholder Returns
BPCL,Mar 2024,+,-,-,Shareholder Returns
BRITANNIA,Mar 2013,+,+,-,Liquidating Assets
BRITANNIA,Mar 2014,+,-,-,Reinvestor
BRITANNIA,Mar 2015,+,-,-,Reinvestor
BRITANNIA,Mar 2016,+,-,-,Reinvestor
BRITANNIA,Mar 2017,+,-,-,Reinvestor
BRITANNIA,Mar 2018,+,-,-,Reinvestor
BRITANNIA,Mar 2019,+,-,-,Reinvestor
BRITANNIA,Mar 2020,+,-,+,Mixed
BRITANNIA,Mar 2021,+,+,-,Liquidating Assets
BRITANNIA,Mar 2022,+,+,-,Liquidating Assets
BRITANNIA,Mar 2023,+,-,-,Reinvestor
BRITANNIA,Mar 2024,+,+,-,Liquidating Assets
CANBK,Mar 2013,+,-,-,Shareholder Returns
CANBK,Mar 2014,+,-,-,Shareholder Returns
CANBK,Mar 2015,+,-,-,Shareholder Returns
CANBK,Mar 2016,+,-,-,Shareholder Returns
CANBK,Mar 2017,+,-,+,Mixed
CANBK,Mar 2018,-,-,+,Growth Funded by Debt
CANBK,Mar 2019,+,-,-,Shareholder Returns
CANBK,Mar 2020,-,-,+,Growth Funded by Debt
CANBK,Mar 2021,+,-,+,Mixed
CANBK,Mar 2022,+,-,+,Mixed
CANBK,Mar 2023,-,-,+,Growth Funded by Debt
CANBK,Mar 2024,+,-,-,Shareholder Returns
CHOLAFIN,Mar 2013,-,+,+,Distress Signal
CHOLAFIN,Mar 2014,-,-,+,Growth Funded by Debt
CHOLAFIN,Mar 2015,-,-,+,Growth Funded by Debt
CHOLAFIN,Mar 2016,-,-,+,Growth Funded by Debt
CHOLAFIN,Mar 2017,-,-,+,Growth Funded by Debt
CHOLAFIN,Mar 2018,-,-,+,Growth Funded by Debt
CHOLAFIN,Mar 2019,-,-,+,Growth Funded by Debt
CHOLAFIN,Mar 2020,-,-,+,Growth Funded by Debt
CHOLAFIN,Mar 2021,-,-,+,Growth Funded by Debt
CHOLAFIN,Mar 2022,-,+,+,Distress Signal
CHOLAFIN,Mar 2023,-,-,+,Growth Funded by Debt
CHOLAFIN,Mar 2024,-,-,+,Growth Funded by Debt
CIPLA,Mar 2013,+,-,+,Mixed
CIPLA,Mar 2014,+,-,-,Shareholder Returns
CIPLA,Mar 2015,+,-,+,Mixed
CIPLA,Mar 2016,+,-,+,Mixed
CIPLA,Mar 2017,+,-,-,Shareholder Returns
CIPLA,Mar 2018,+,-,-,Shareholder Returns
CIPLA,Mar 2019,+,-,-,Shareholder Returns
CIPLA,Mar 2020,+,+,-,Liquidating Assets
CIPLA,Mar 2021,+,-,-,Shareholder Returns
CIPLA,Mar 2022,+,-,-,Shareholder Returns
CIPLA,Mar 2023,+,-,-,Shareholder Returns
CIPLA,Mar 2024,+,-,-,Shareholder Returns
COALINDIA,Mar 2013,+,-,-,Reinvestor
COALINDIA,Mar 2014,+,+,-,Liquidating Assets
COALINDIA,Mar 2015,+,+,-,Liquidating Assets
COALINDIA,Mar 2016,+,+,-,Liquidating Assets
COALINDIA,Mar 2017,+,+,-,Liquidating Assets
COALINDIA,Mar 2018,+,-,-,Reinvestor
COALINDIA,Mar 2019,+,-,-,Reinvestor
COALINDIA,Mar 2020,+,+,-,Liquidating Assets
COALINDIA,Mar 2021,+,+,-,Liquidating Assets
COALINDIA,Mar 2022,+,-,-,Reinvestor
COALINDIA,Mar 2023,+,-,-,Reinvestor
COALINDIA,Mar 2024,+,-,-,Reinvestor
DABUR,Mar 2013,+,-,-,Shareholder Returns
DABUR,Mar 2014,+,-,-,Shareholder Returns
DABUR,Mar 2015,+,-,-,Shareholder Returns
DABUR,Mar 2016,+,-,-,Shareholder Returns
DABUR,Mar 2017,+,-,-,Shareholder Returns
DABUR,Mar 2018,+,-,-,Shareholder Returns
DABUR,Mar 2019,+,+,-,Liquidating Assets
DABUR,Mar 2020,+,-,-,Shareholder Returns
DABUR,Mar 2021,+,-,-,Shareholder Returns
DABUR,Mar 2022,+,-,-,Shareholder Returns
DABUR,Mar 2023,+,-,-,Shareholder Returns
DABUR,Mar 2024,+,-,-,Shareholder Returns
DIVISLAB,Mar 2013,+,-,-,Reinvestor
DIVISLAB,Mar 2014,+,-,-,Reinvestor
DIVISLAB,Mar 2015,+,-,-,Reinvestor
DIVISLAB,Mar 2016,+,-,-,Reinvestor
DIVISLAB,Mar 2017,+,-,+,Mixed
DIVISLAB,Mar 2018,+,-,-,Reinvestor
DIVISLAB,Mar 2019,+,-,-,Reinvestor
DIVISLAB,Mar 2020,+,-,-,Reinvestor
DIVISLAB,Mar 2021,+,+,-,Liquidating Assets
DIVISLAB,Mar 2022,+,-,-,Reinvestor
DIVISLAB,Mar 2023,+,-,-,Reinvestor
DIVISLAB,Mar 2024,+,-,-,Reinvestor
DLF,Mar 2013,+,+,-,Liquidating Assets
DLF,Mar 2014,+,+,-,Liquidating Assets
DLF,Mar 2015,+,+,-,Liquidating Assets
DLF,Mar 2016,+,-,-,Reinvestor
DLF,Mar 2017,-,+,+,Distress Signal
DLF,Mar 2018,+,-,-,Reinvestor
DLF,Mar 2019,+,+,+,Cash Accumulator
DLF,Mar 2020,+,+,-,Liquidating Assets
DLF,Mar 2021,+,+,-,Liquidating Assets
DLF,Mar 2022,+,+,-,Liquidating Assets
DLF,Mar 2023,+,-,-,Reinvestor
DLF,Mar 2024,+,-,+,Mixed
DMART,Mar 2013,+,-,+,Mixed
DMART,Mar 2014,+,-,+,Mixed
DMART,Mar 2015,+,-,+,Mixed
DMART,Mar 2016,+,-,+,Mixed
DMART,Mar 2017,+,-,+,Mixed
DMART,Mar 2018,+,+,-,Liquidating Assets
DMART,Mar 2019,+,-,+,Mixed
DMART,Mar 2020,+,-,+,Mixed
DMART,Mar 2021,+,-,-,Reinvestor
DMART,Mar 2022,+,-,-,Reinvestor
DMART,Mar 2023,+,-,-,Reinvestor
DMART,Mar 2024,+,-,-,Reinvestor
DRREDDY,Mar 2013,+,-,-,Shareholder Returns
DRREDDY,Mar 2014,+,-,-,Shareholder Returns
DRREDDY,Mar 2015,+,-,-,Shareholder Returns
DRREDDY,Mar 2016,+,-,-,Shareholder Returns
DRREDDY,Mar 2017,+,-,-,Shareholder Returns
DRREDDY,Mar 2018,+,-,-,Shareholder Returns
DRREDDY,Mar 2019,+,-,-,Shareholder Returns
DRREDDY,Mar 2020,+,-,-,Shareholder Returns
DRREDDY,Mar 2021,+,-,-,Shareholder Returns
DRREDDY,Mar 2022,+,-,-,Shareholder Returns
DRREDDY,Mar 2023,+,-,-,Shareholder Returns
DRREDDY,Mar 2024,+,-,-,Shareholder Returns
EICHERMOT,Dec 2012,+,-,-,Reinvestor
EICHERMOT,Dec 2013,+,-,-,Reinvestor
EICHERMOT,Dec 2014,+,-,-,Reinvestor
EICHERMOT,Mar 2016,+,-,-,Reinvestor
EICHERMOT,Mar 2017,+,-,+,Mixed
EICHERMOT,Mar 2018,+,-,-,Reinvestor
EICHERMOT,Mar 2019,+,-,-,Reinvestor
EICHERMOT,Mar 2020,+,-,-,Reinvestor
EICHERMOT,Mar 2021,+,-,-,Reinvestor
EICHERMOT,Mar 2022,+,-,-,Reinvestor
EICHERMOT,Mar 2023,+,-,-,Reinvestor
EICHERMOT,Mar 2024,+,-,-,Reinvestor
GAIL,Mar 2013,+,-,+,Mixed
GAIL,Mar 2014,+,-,-,Shareholder Returns
GAIL,Mar 2015,+,-,-,Shareholder Returns
GAIL,Mar 2016,+,-,-,Shareholder Returns
GAIL,Mar 2017,+,-,-,Shareholder Returns
GAIL,Mar 2018,+,-,-,Shareholder Returns
GAIL,Mar 2019,+,-,-,Shareholder Returns
GAIL,Mar 2020,+,-,+,Mixed
GAIL,Mar 2021,+,-,-,Shareholder Returns
GAIL,Mar 2022,+,-,-,Shareholder Returns
GAIL,Mar 2023,+,-,+,Mixed
GAIL,Mar 2024,+,-,-,Shareholder Returns
GODREJCP,Mar 2013,+,-,+,Mixed
GODREJCP,Mar 2014,+,-,-,Reinvestor
GODREJCP,Mar 2015,+,-,-,Reinvestor
GODREJCP,Mar 2016,+,-,-,Reinvestor
GODREJCP,Mar 2017,+,-,+,Mixed
GODREJCP,Mar 2018,+,-,-,Reinvestor
GODREJCP,Mar 2019,+,+,-,Liquidating Assets
GODREJCP,Mar 2020,+,-,-,Reinvestor
GODREJCP,Mar 2021,+,-,-,Reinvestor
GODREJCP,Mar 2022,+,-,-,Reinvestor
GODREJCP,Mar 2023,+,-,-,Reinvestor
GODREJCP,Mar 2024,+,-,+,Mixed
GRASIM,Mar 2013,+,-,+,Mixed
GRASIM,Mar 2014,+,-,-,Reinvestor
GRASIM,Mar 2015,+,-,-,Reinvestor
GRASIM,Mar 2016,+,-,-,Reinvestor
GRASIM,Mar 2017,+,-,-,Reinvestor
GRASIM,Mar 2018,-,+,+,Distress Signal
GRASIM,Mar 2019,-,-,+,Growth Funded by Debt
GRASIM,Mar 2020,+,-,-,Reinvestor
GRASIM,Mar 2021,+,-,-,Reinvestor
GRASIM,Mar 2022,+,-,-,Reinvestor
GRASIM,Mar 2023,-,-,+,Growth Funded by Debt
GRASIM,Mar 2024,-,-,+,Growth Funded by Debt
HAL,Mar 2017,-,+,-,Other
HAL,Mar 2018,-,+,-,Other
HAL,Mar 2019,-,+,+,Distress Signal
HAL,Mar 2020,+,-,+,Mixed
HAL,Mar 2021,+,-,-,Shareholder Returns
HAL,Mar 2022,+,-,-,Shareholder Returns
HAL,Mar 2023,+,-,-,Shareholder Returns
HAL,Mar 2024,+,-,-,Shareholder Returns
HAVELLS,Mar 2013,+,-,-,Reinvestor
HAVELLS,Mar 2014,+,-,-,Reinvestor
HAVELLS,Mar 2015,+,-,-,Reinvestor
HAVELLS,Mar 2016,+,-,-,Reinvestor
HAVELLS,Mar 2017,+,-,-,Reinvestor
HAVELLS,Mar 2018,+,-,-,Reinvestor
HAVELLS,Mar 2019,+,+,-,Liquidating Assets
HAVELLS,Mar 2020,+,-,-,Reinvestor
HAVELLS,Mar 2021,+,-,+,Mixed
HAVELLS,Mar 2022,+,-,-,Reinvestor
HAVELLS,Mar 2023,+,+,-,Liquidating Assets
HAVELLS,Mar 2024,+,-,-,Reinvestor
HCLTECH,Jun 2013,+,-,-,Shareholder Returns
HCLTECH,Jun 2014,+,-,-,Shareholder Returns
HCLTECH,Jun 2015,+,-,-,Shareholder Returns
HCLTECH,Mar 2017,+,-,-,Shareholder Returns
HCLTECH,Mar 2018,+,-,-,Shareholder Returns
HCLTECH,Mar 2019,+,-,-,Shareholder Returns
HCLTECH,Mar 2020,+,-,-,Shareholder Returns
HCLTECH,Mar 2021,+,-,-,Shareholder Returns
HCLTECH,Mar 2022,+,+,-,Liquidating Assets
HCLTECH,Mar 2023,+,-,-,Shareholder Returns
HCLTECH,Mar 2024,+,-,-,Shareholder Returns
HDFCBANK,Mar 2013,-,-,+,Growth Funded by Debt
HDFCBANK,Mar 2014,+,-,+,Mixed
HDFCBANK,Mar 2015,-,-,+,Growth Funded by Debt
HDFCBANK,Mar 2016,-,-,+,Growth Funded by Debt
HDFCBANK,Mar 2017,+,-,-,Reinvestor
HDFCBANK,Mar 2018,+,-,+,Mixed
HDFCBANK,Mar 2019,-,-,+,Growth Funded by Debt
HDFCBANK,Mar 2020,-,-,+,Growth Funded by Debt
HDFCBANK,Mar 2021,+,-,-,Reinvestor
HDFCBANK,Mar 2022,-,-,+,Growth Funded by Debt
HDFCBANK,Mar 2023,+,-,+,Mixed
HDFCBANK,Mar 2024,+,+,-,Liquidating Assets
HDFCLIFE,Mar 2013,-,-,-,Pre-Revenue
HDFCLIFE,Mar 2014,-,-,-,Pre-Revenue
HDFCLIFE,Mar 2015,+,-,-,Shareholder Returns
HDFCLIFE,Mar 2016,+,-,-,Shareholder Returns
HDFCLIFE,Mar 2017,+,-,-,Shareholder Returns
HDFCLIFE,Mar 2018,+,-,-,Shareholder Returns
HDFCLIFE,Mar 2019,+,-,-,Shareholder Returns
HDFCLIFE,Mar 2020,+,-,+,Mixed
HDFCLIFE,Mar 2021,+,-,+,Mixed
HDFCLIFE,Mar 2022,+,-,-,Shareholder Returns
HDFCLIFE,Mar 2023,+,-,+,Mixed
HDFCLIFE,Mar 2024,+,-,-,Shareholder Returns
HEROMOTOCO,Mar 2014,+,-,-,Shareholder Returns
HEROMOTOCO,Mar 2015,+,+,-,Liquidating Assets
HEROMOTOCO,Mar 2016,+,-,-,Shareholder Returns
HEROMOTOCO,Mar 2017,+,-,-,Shareholder Returns
HEROMOTOCO,Mar 2018,+,-,-,Shareholder Returns
HEROMOTOCO,Mar 2019,+,+,-,Liquidating Assets
HEROMOTOCO,Mar 2020,+,-,-,Shareholder Returns
HEROMOTOCO,Mar 2021,+,-,-,Shareholder Returns
HEROMOTOCO,Mar 2022,+,-,-,Shareholder Returns
HEROMOTOCO,Mar 2023,+,-,-,Shareholder Returns
HEROMOTOCO,Mar 2024,+,-,-,Shareholder Returns
HINDALCO,Mar 2013,+,-,+,Mixed
HINDALCO,Mar 2014,+,-,+,Mixed
HINDALCO,Mar 2015,+,-,-,Shareholder Returns
HINDALCO,Mar 2016,+,-,-,Shareholder Returns
HINDALCO,Mar 2017,+,-,-,Shareholder Returns
HINDALCO,Mar 2018,+,+,-,Liquidating Assets
HINDALCO,Mar 2019,+,-,-,Shareholder Returns
HINDALCO,Mar 2020,+,-,+,Mixed
HINDALCO,Mar 2021,+,-,-,Shareholder Returns
HINDALCO,Mar 2022,+,-,-,Shareholder Returns
HINDALCO,Mar 2023,+,-,-,Shareholder Returns
HINDALCO,Mar 2024,+,-,-,Shareholder Returns
HINDUNILVR,Mar 2013,+,+,-,Liquidating Assets
HINDUNILVR,Mar 2014,+,-,-,Shareholder Returns
HINDUNILVR,Mar 2015,+,+,-,Liquidating Assets
HINDUNILVR,Mar 2016,+,-,-,Shareholder Returns
HINDUNILVR,Mar 2017,+,-,-,Shareholder Returns
HINDUNILVR,Mar 2018,+,-,-,Shareholder Returns
HINDUNILVR,Mar 2019,+,-,-,Shareholder Returns
HINDUNILVR,Mar 2020,+,+,-,Liquidating Assets
HINDUNILVR,Mar 2021,+,-,-,Shareholder Returns
HINDUNILVR,Mar 2022,+,-,-,Shareholder Returns
HINDUNILVR,Mar 2023,+,-,-,Shareholder Returns
HINDUNILVR,Mar 2024,+,-,-,Shareholder Returns
ICICIBANK,Mar 2013,+,-,+,Mixed
ICICIBANK,Mar 2014,+,-,+,Mixed
ICICIBANK,Mar 2015,-,-,+,Growth Funded by Debt
ICICIBANK,Mar 2016,+,-,+,Mixed
ICICIBANK,Mar 2017,+,-,-,Shareholder Returns
ICICIBANK,Mar 2018,+,-,+,Mixed
ICICIBANK,Mar 2019,+,-,-,Shareholder Returns
ICICIBANK,Mar 2020,+,-,+,Mixed
ICICIBANK,Mar 2021,+,-,-,Shareholder Returns
ICICIBANK,Mar 2022,+,-,+,Mixed
ICICIBANK,Mar 2023,-,-,+,Growth Funded by Debt
ICICIBANK,Mar 2024,+,-,+,Mixed
ICICIGI,Mar 2013,+,-,+,Mixed
ICICIGI,Mar 2014,+,-,+,Mixed
ICICIGI,Mar 2015,-,+,-,Other
ICICIGI,Mar 2016,+,-,-,Shareholder Returns
ICICIGI,Mar 2017,+,-,+,Mixed
ICICIGI,Mar 2018,+,-,-,Shareholder Returns
ICICIGI,Mar 2019,+,-,-,Shareholder Returns
ICICIGI,Mar 2020,+,-,-,Shareholder Returns
ICICIGI,Mar 2021,+,-,-,Shareholder Returns
ICICIGI,Mar 2022,+,+,-,Liquidating Assets
ICICIGI,Mar 2023,+,-,-,Shareholder Returns
ICICIGI,Mar 2024,+,-,-,Shareholder Returns
ICICIPRULI,Mar 2013,-,+,-,Other
ICICIPRULI,Mar 2014,-,+,-,Other
ICICIPRULI,Mar 2015,+,-,-,Shareholder Returns
ICICIPRULI,Mar 2016,+,+,-,Liquidating Assets
ICICIPRULI,Mar 2017,+,-,-,Shareholder Returns
ICICIPRULI,Mar 2018,+,-,-,Shareholder Returns
ICICIPRULI,Mar 2019,+,-,-,Shareholder Returns
ICICIPRULI,Mar 2020,+,-,-,Shareholder Returns
ICICIPRULI,Mar 2021,+,-,+,Mixed
ICICIPRULI,Mar 2022,+,-,-,Shareholder Returns
ICICIPRULI,Mar 2023,+,-,-,Shareholder Returns
ICICIPRULI,Mar 2024,-,+,-,Other
INDIGO,Mar 2013,+,-,+,Mixed
INDIGO,Mar 2014,+,-,+,Mixed
INDIGO,Mar 2015,+,-,-,Reinvestor
INDIGO,Mar 2016,+,-,-,Reinvestor
INDIGO,Mar 2017,+,-,-,Reinvestor
INDIGO,Mar 2018,+,-,+,Mixed
INDIGO,Mar 2019,+,-,-,Reinvestor
INDIGO,Mar 2020,+,-,-,Reinvestor
INDIGO,Mar 2021,-,+,-,Other
INDIGO,Mar 2022,+,+,-,Liquidating Assets
INDIGO,Mar 2023,+,-,-,Reinvestor
INDIGO,Mar 2024,+,-,-,Reinvestor
INDUSINDBK,Mar 2013,-,-,+,Growth Funded by Debt
INDUSINDBK,Mar 2014,-,-,+,Growth Funded by Debt
INDUSINDBK,Mar 2015,-,-,+,Growth Funded by Debt
INDUSINDBK,Mar 2016,-,-,+,Growth Funded by Debt
INDUSINDBK,Mar 2017,+,-,-,Reinvestor
INDUSINDBK,Mar 2018,-,-,+,Growth Funded by Debt
INDUSINDBK,Mar 2019,-,-,+,Growth Funded by Debt
INDUSINDBK,Mar 2020,-,+,+,Distress Signal
INDUSINDBK,Mar 2021,+,-,-,Reinvestor
INDUSINDBK,Mar 2022,+,-,-,Reinvestor
INDUSINDBK,Mar 2023,-,-,+,Growth Funded by Debt
INDUSINDBK,Mar 2024,-,-,-,Pre-Revenue
INFY,Mar 2013,+,-,-,Reinvestor
INFY,Mar 2014,+,-,-,Reinvestor
INFY,Mar 2015,+,+,-,Liquidating Assets
INFY,Mar 2016,+,-,-,Reinvestor
INFY,Mar 2017,+,-,-,Reinvestor
INFY,Mar 2018,+,+,-,Liquidating Assets
INFY,Mar 2019,+,-,-,Reinvestor
INFY,Mar 2020,+,-,-,Reinvestor
INFY,Mar 2021,+,-,-,Reinvestor
INFY,Mar 2022,+,-,-,Reinvestor
INFY,Mar 2023,+,-,-,Reinvestor
INFY,Mar 2024,+,-,-,Reinvestor
IOC,Mar 2013,+,-,+,Mixed
IOC,Mar 2014,+,-,-,Shareholder Returns
IOC,Mar 2015,+,-,-,Shareholder Returns
IOC,Mar 2016,+,-,-,Shareholder Returns
IOC,Mar 2017,+,-,-,Shareholder Returns
IOC,Mar 2018,+,-,-,Shareholder Returns
IOC,Mar 2019,+,-,+,Mixed
IOC,Mar 2020,+,-,+,Mixed
IOC,Mar 2021,+,-,-,Shareholder Returns
IOC,Mar 2022,+,-,-,Shareholder Returns
IOC,Mar 2023,+,-,-,Shareholder Returns
IOC,Mar 2024,+,-,-,Shareholder Returns
IRCTC,Mar 2015,+,-,-,Reinvestor
IRCTC,Mar 2016,+,+,-,Liquidating Assets
IRCTC,Mar 2017,+,+,-,Liquidating Assets
IRCTC,Mar 2018,+,+,-,Liquidating Assets
IRCTC,Mar 2019,+,-,-,Reinvestor
IRCTC,Mar 2020,+,+,-,Liquidating Assets
IRCTC,Mar 2021,+,-,-,Reinvestor
IRCTC,Mar 2022,+,-,-,Reinvestor
IRCTC,Mar 2023,+,-,-,Reinvestor
IRCTC,Mar 2024,+,-,-,Reinvestor
IRFC,Mar 2016,-,+,+,Distress Signal
IRFC,Mar 2017,-,+,+,Distress Signal
IRFC,Mar 2018,-,+,+,Distress Signal
IRFC,Mar 2019,-,+,+,Distress Signal
IRFC,Mar 2020,-,+,+,Distress Signal
IRFC,Mar 2021,-,+,+,Distress Signal
IRFC,Mar 2022,-,-,+,Growth Funded by Debt
IRFC,Mar 2023,-,+,+,Distress Signal
IRFC,Mar 2024,+,-,-,Reinvestor
ITC,Mar 2013,+,-,-,Reinvestor
ITC,Mar 2014,+,-,-,Reinvestor
ITC,Mar 2015,+,-,-,Reinvestor
ITC,Mar 2016,+,-,-,Reinvestor
ITC,Mar 2017,+,-,-,Reinvestor
ITC,Mar 2018,+,-,-,Reinvestor
ITC,Mar 2019,+,-,-,Reinvestor
ITC,Mar 2020,+,-,-,Reinvestor
ITC,Mar 2021,+,+,-,Liquidating Assets
ITC,Mar 2022,+,-,-,Reinvestor
ITC,Mar 2023,+,-,-,Reinvestor
ITC,Mar 2024,+,+,-,Liquidating Assets
JINDALSTEL,Mar 2013,+,-,+,Mixed
JINDALSTEL,Mar 2014,+,-,+,Mixed
JINDALSTEL,Mar 2015,+,-,+,Mixed
JINDALSTEL,Mar 2016,+,-,-,Shareholder Returns
JINDALSTEL,Mar 2017,+,-,-,Shareholder Returns
JINDALSTEL,Mar 2018,+,-,-,Shareholder Returns
JINDALSTEL,Mar 2019,+,-,-,Shareholder Returns
JINDALSTEL,Mar 2020,+,-,-,Shareholder Returns
JINDALSTEL,Mar 2021,+,-,-,Shareholder Returns
JINDALSTEL,Mar 2022,+,-,-,Shareholder Returns
JINDALSTEL,Mar 2023,+,-,-,Shareholder Returns
JINDALSTEL,Mar 2024,+,-,+,Mixed
JIOFIN,Mar 2023,+,-,-,Reinvestor
JIOFIN,Mar 2024,-,+,-,Other
JSWENERGY,Mar 2013,+,-,-,Shareholder Returns
JSWENERGY,Mar 2014,+,-,-,Shareholder Returns
JSWENERGY,Mar 2015,+,-,-,Shareholder Returns
JSWENERGY,Mar 2016,+,-,-,Shareholder Returns
JSWENERGY,Mar 2017,+,-,-,Shareholder Returns
JSWENERGY,Mar 2018,+,-,-,Shareholder Returns
JSWENERGY,Mar 2019,+,-,-,Shareholder Returns
JSWENERGY,Mar 2020,+,+,-,Liquidating Assets
JSWENERGY,Mar 2021,+,-,-,Shareholder Returns
JSWENERGY,Mar 2022,+,-,-,Shareholder Returns
JSWENERGY,Mar 2023,+,-,+,Mixed
JSWENERGY,Mar 2024,+,-,+,Mixed
JSWSTEEL,Mar 2013,+,-,-,Shareholder Returns
JSWSTEEL,Mar 2014,+,-,+,Mixed
JSWSTEEL,Mar 2015,+,-,-,Shareholder Returns
JSWSTEEL,Mar 2016,+,-,-,Shareholder Returns
JSWSTEEL,Mar 2017,+,-,-,Shareholder Returns
JSWSTEEL,Mar 2018,+,-,-,Shareholder Returns
JSWSTEEL,Mar 2019,+,-,+,Mixed
JSWSTEEL,Mar 2020,+,-,+,Mixed
JSWSTEEL,Mar 2021,+,-,-,Shareholder Returns
JSWSTEEL,Mar 2022,+,-,-,Shareholder Returns
JSWSTEEL,Mar 2023,+,-,-,Shareholder Returns
JSWSTEEL,Mar 2024,+,-,-,Shareholder Returns
KOTAKBANK,Mar 2013,+,-,+,Mixed
KOTAKBANK,Mar 2014,+,-,-,Shareholder Returns
KOTAKBANK,Mar 2015,+,-,+,Mixed
KOTAKBANK,Mar 2016,+,-,+,Mixed
KOTAKBANK,Mar 2017,+,-,+,Mixed
KOTAKBANK,Mar 2018,-,-,+,Growth Funded by Debt
KOTAKBANK,Mar 2019,+,-,+,Mixed
KOTAKBANK,Mar 2020,+,-,-,Shareholder Returns
KOTAKBANK,Mar 2021,+,-,-,Shareholder Returns
KOTAKBANK,Mar 2022,+,-,+,Mixed
KOTAKBANK,Mar 2023,-,-,+,Growth Funded by Debt
KOTAKBANK,Mar 2024,+,-,+,Mixed
LICI,Mar 2019,+,+,-,Liquidating Assets
LICI,Mar 2020,+,-,-,Shareholder Returns
LICI,Mar 2021,+,+,-,Liquidating Assets
LICI,Mar 2022,-,+,+,Distress Signal
LICI,Mar 2023,+,-,-,Shareholder Returns
LICI,Mar 2024,+,-,-,Shareholder Returns
LODHA,Mar 2016,+,-,+,Mixed
LODHA,Mar 2017,+,-,-,Shareholder Returns
LODHA,Mar 2018,+,-,+,Mixed
LODHA,Mar 2019,-,-,+,Growth Funded by Debt
LODHA,Mar 2020,+,+,-,Liquidating Assets
LODHA,Mar 2021,+,+,-,Liquidating Assets
LODHA,Mar 2022,+,+,-,Liquidating Assets
LODHA,Mar 2023,+,+,-,Liquidating Assets
LODHA,Mar 2024,+,-,+,Mixed
LT,Mar 2013,-,-,+,Growth Funded by Debt
LT,Mar 2014,-,-,+,Growth Funded by Debt
LT,Mar 2015,-,-,+,Growth Funded by Debt
LT,Mar 2016,-,-,+,Growth Funded by Debt
LT,Mar 2017,+,-,+,Mixed
LT,Mar 2018,-,+,+,Distress Signal
LT,Mar 2019,-,-,+,Growth Funded by Debt
LT,Mar 2020,+,-,+,Mixed
LT,Mar 2021,+,-,-,Shareholder Returns
LT,Mar 2022,+,-,-,Shareholder Returns
LT,Mar 2023,+,-,-,Shareholder Returns
LT,Mar 2024,+,+,-,Liquidating Assets
LTIM,Mar 2013,+,-,-,Reinvestor
LTIM,Mar 2014,+,+,-,Liquidating Assets
LTIM,Mar 2015,+,-,-,Reinvestor
LTIM,Mar 2016,+,-,-,Reinvestor
LTIM,Mar 2017,+,-,-,Reinvestor
LTIM,Mar 2018,+,-,-,Reinvestor
LTIM,Mar 2019,+,-,-,Reinvestor
LTIM,Mar 2020,+,-,-,Reinvestor
LTIM,Mar 2021,+,-,-,Reinvestor
LTIM,Mar 2022,+,-,-,Reinvestor
LTIM,Mar 2023,+,-,-,Reinvestor
LTIM,Mar 2024,+,-,-,Reinvestor
M&M,Mar 2013,-,-,+,Growth Funded by Debt
M&M,Mar 2014,-,-,+,Growth Funded by Debt
M&M,Mar 2015,+,-,+,Mixed
M&M,Mar 2016,+,-,+,Mixed
M&M,Mar 2017,+,-,+,Mixed
M&M,Mar 2018,+,-,+,Mixed
M&M,Mar 2019,-,-,+,Growth Funded by Debt
M&M,Mar 2020,-,-,+,Growth Funded by Debt
M&M,Mar 2021,+,-,+,Mixed
M&M,Mar 2022,+,-,-,Reinvestor
M&M,Mar 2023,-,-,+,Growth Funded by Debt
M&M,Mar 2024,-,-,+,Growth Funded by Debt
MARUTI,Mar 2013,+,-,-,Shareholder Returns
MARUTI,Mar 2014,+,-,-,Shareholder Returns
MARUTI,Mar 2015,+,-,-,Shareholder Returns
MARUTI,Mar 2016,+,-,-,Shareholder Returns
MARUTI,Mar 2017,+,-,-,Shareholder Returns
MARUTI,Mar 2018,+,-,-,Shareholder Returns
MARUTI,Mar 2019,+,-,-,Shareholder Returns
MARUTI,Mar 2020,+,-,-,Shareholder Returns
MARUTI,Mar 2021,+,-,-,Shareholder Returns
MARUTI,Mar 2022,+,-,-,Shareholder Returns
MARUTI,Mar 2023,+,-,-,Shareholder Returns
MARUTI,Mar 2024,+,-,-,Shareholder Returns
MOTHERSON,Mar 2013,+,-,-,Shareholder Returns
MOTHERSON,Mar 2014,+,-,-,Shareholder Returns
MOTHERSON,Mar 2015,+,-,+,Mixed
MOTHERSON,Mar 2016,+,-,-,Shareholder Returns
MOTHERSON,Mar 2017,+,-,+,Mixed
MOTHERSON,Mar 2018,+,-,-,Shareholder Returns
MOTHERSON,Mar 2019,+,-,-,Shareholder Returns
MOTHERSON,Mar 2020,+,-,-,Shareholder Returns
MOTHERSON,Mar 2021,+,-,-,Shareholder Returns
MOTHERSON,Mar 2022,+,-,-,Shareholder Returns
MOTHERSON,Mar 2023,+,-,-,Shareholder Returns
MOTHERSON,Mar 2024,+,-,+,Mixed
NAUKRI,Mar 2013,+,-,-,Reinvestor
NAUKRI,Mar 2014,+,-,+,Mixed
NAUKRI,Mar 2015,+,-,+,Mixed
NAUKRI,Mar 2016,+,-,-,Reinvestor
NAUKRI,Mar 2017,+,-,-,Reinvestor
NAUKRI,Mar 2018,+,-,-,Reinvestor
NAUKRI,Mar 2019,+,-,-,Reinvestor
NAUKRI,Mar 2020,+,+,-,Liquidating Assets
NAUKRI,Mar 2021,+,-,+,Mixed
NAUKRI,Mar 2022,+,-,+,Mixed
NAUKRI,Mar 2023,+,-,+,Mixed
NAUKRI,Mar 2024,+,-,+,Mixed
NESTLEIND,Dec 2013,+,-,-,Shareholder Returns
NESTLEIND,Dec 2014,+,-,-,Shareholder Returns
NESTLEIND,Dec 2015,+,-,-,Shareholder Returns
NESTLEIND,Dec 2016,+,-,-,Shareholder Returns
NESTLEIND,Dec 2017,+,-,-,Shareholder Returns
NESTLEIND,Dec 2018,+,-,-,Shareholder Returns
NESTLEIND,Dec 2019,+,+,-,Liquidating Assets
NESTLEIND,Dec 2020,+,-,-,Shareholder Returns
NESTLEIND,Dec 2021,+,-,-,Shareholder Returns
NESTLEIND,Dec 2022,+,-,-,Shareholder Returns
NESTLEIND,Dec 2023,+,-,-,Shareholder Returns
NESTLEIND,Mar 2024,+,-,-,Shareholder Returns
NHPC,Mar 2013,+,-,-,Shareholder Returns
NHPC,Mar 2014,+,-,-,Shareholder Returns
NHPC,Mar 2015,+,-,-,Shareholder Returns
NHPC,Mar 2016,+,-,-,Shareholder Returns
NHPC,Mar 2017,+,-,-,Shareholder Returns
NHPC,Mar 2018,+,-,-,Shareholder Returns
NHPC,Mar 2019,+,-,-,Shareholder Returns
NHPC,Mar 2020,+,-,+,Mixed
NHPC,Mar 2021,+,-,-,Shareholder Returns
NHPC,Mar 2022,+,-,-,Shareholder Returns
NHPC,Mar 2023,+,-,-,Shareholder Returns
NHPC,Mar 2024,+,-,-,Shareholder Returns
NTPC,Mar 2013,+,-,+,Mixed
NTPC,Mar 2014,+,-,-,Shareholder Returns
NTPC,Mar 2015,+,-,-,Shareholder Returns
NTPC,Mar 2016,+,-,-,Shareholder Returns
NTPC,Mar 2017,+,-,+,Mixed
NTPC,Mar 2018,+,-,+,Mixed
NTPC,Mar 2019,+,-,+,Mixed
NTPC,Mar 2020,+,-,+,Mixed
NTPC,Mar 2021,+,-,-,Shareholder Returns
NTPC,Mar 2022,+,-,-,Shareholder Returns
NTPC,Mar 2023,+,-,-,Shareholder Returns
NTPC,Mar 2024,+,-,-,Shareholder Returns
ONGC,Mar 2013,+,-,-,Shareholder Returns
ONGC,Mar 2014,+,-,+,Mixed
ONGC,Mar 2015,+,-,-,Shareholder Returns
ONGC,Mar 2016,+,-,-,Shareholder Returns
ONGC,Mar 2017,+,-,-,Shareholder Returns
ONGC,Mar 2018,+,-,+,Mixed
ONGC,Mar 2019,+,-,-,Shareholder Returns
ONGC,Mar 2020,+,-,-,Shareholder Returns
ONGC,Mar 2021,+,-,-,Shareholder Returns
ONGC,Mar 2022,+,-,-,Shareholder Returns
ONGC,Mar 2023,+,-,-,Shareholder Returns
ONGC,Mar 2024,+,-,-,Shareholder Returns
PFC,Mar 2013,-,+,+,Distress Signal
PFC,Mar 2014,-,+,+,Distress Signal
PFC,Mar 2015,-,-,+,Growth Funded by Debt
PFC,Mar 2016,-,-,+,Growth Funded by Debt
PFC,Mar 2017,+,-,+,Mixed
PFC,Mar 2018,-,+,+,Distress Signal
PFC,Mar 2019,-,-,+,Growth Funded by Debt
PFC,Mar 2020,-,-,+,Growth Funded by Debt
PFC,Mar 2021,-,+,+,Distress Signal
PFC,Mar 2022,+,-,-,Reinvestor
PFC,Mar 2023,-,-,+,Growth Funded by Debt
PFC,Mar 2024,-,-,+,Growth Funded by Debt
PIDILITIND,Mar 2013,+,-,-,Shareholder Returns
PIDILITIND,Mar 2014,+,-,-,Shareholder Returns
PIDILITIND,Mar 2015,+,-,-,Shareholder Returns
PIDILITIND,Mar 2016,+,-,-,Shareholder Returns
PIDILITIND,Mar 2017,+,-,+,Mixed
PIDILITIND,Mar 2018,+,+,-,Liquidating Assets
PIDILITIND,Mar 2019,+,-,-,Shareholder Returns
PIDILITIND,Mar 2020,+,+,-,Liquidating Assets
PIDILITIND,Mar 2021,+,-,-,Shareholder Returns
PIDILITIND,Mar 2022,+,-,-,Shareholder Returns
PIDILITIND,Mar 2023,+,-,-,Shareholder Returns
PIDILITIND,Mar 2024,+,-,-,Shareholder Returns
PNB,Mar 2013,-,-,-,Pre-Revenue
PNB,Mar 2014,+,-,+,Mixed
PNB,Mar 2015,+,-,+,Mixed
PNB,Mar 2016,+,-,+,Mixed
PNB,Mar 2017,+,+,-,Liquidating Assets
PNB,Mar 2018,-,+,+,Distress Signal
PNB,Mar 2019,-,-,+,Growth Funded by Debt
PNB,Mar 2020,-,-,+,Growth Funded by Debt
PNB,Mar 2021,+,-,+,Mixed
PNB,Mar 2022,+,-,+,Mixed
PNB,Mar 2023,+,-,+,Mixed
PNB,Mar 2024,-,-,+,Growth Funded by Debt
POWERGRID,Mar 2013,+,-,+,Mixed
POWERGRID,Mar 2014,+,-,+,Mixed
POWERGRID,Mar 2015,+,-,+,Mixed
POWERGRID,Mar 2016,+,-,+,Mixed
POWERGRID,Mar 2017,+,-,+,Mixed
POWERGRID,Mar 2018,+,-,+,Mixed
POWERGRID,Mar 2019,+,-,-,Shareholder Returns
POWERGRID,Mar 2020,+,-,-,Shareholder Returns
POWERGRID,Mar 2021,+,-,-,Shareholder Returns
POWERGRID,Mar 2022,+,+,-,Liquidating Assets
POWERGRID,Mar 2023,+,-,-,Shareholder Returns
POWERGRID,Mar 2024,+,-,-,Shareholder Returns
RECLTD,Mar 2013,-,+,+,Distress Signal
RECLTD,Mar 2014,-,+,+,Distress Signal
RECLTD,Mar 2015,-,+,+,Distress Signal
RECLTD,Mar 2016,-,-,+,Growth Funded by Debt
RECLTD,Mar 2017,+,-,-,Reinvestor
RECLTD,Mar 2018,-,+,+,Distress Signal
RECLTD,Mar 2019,-,+,+,Distress Signal
RECLTD,Mar 2020,-,+,+,Distress Signal
RECLTD,Mar 2021,-,+,+,Distress Signal
RECLTD,Mar 2022,-,-,+,Growth Funded by Debt
RECLTD,Mar 2023,-,-,+,Growth Funded by Debt
RECLTD,Mar 2024,-,-,+,Growth Funded by Debt
RELIANCE,Mar 2013,+,-,+,Mixed
RELIANCE,Mar 2014,+,-,+,Mixed
RELIANCE,Mar 2015,+,-,+,Mixed
RELIANCE,Mar 2016,+,-,-,Shareholder Returns
RELIANCE,Mar 2017,+,-,+,Mixed
RELIANCE,Mar 2018,+,-,-,Shareholder Returns
RELIANCE,Mar 2019,+,-,+,Mixed
RELIANCE,Mar 2020,+,-,-,Shareholder Returns
RELIANCE,Mar 2021,+,-,+,Mixed
RELIANCE,Mar 2022,+,-,+,Mixed
RELIANCE,Mar 2023,+,-,+,Mixed
RELIANCE,Mar 2024,+,-,-,Shareholder Returns
SBILIFE,Mar 2013,+,-,-,Shareholder Returns
SBILIFE,Mar 2014,+,-,-,Shareholder Returns
SBILIFE,Mar 2015,+,-,-,Shareholder Returns
SBILIFE,Mar 2016,+,-,-,Shareholder Returns
SBILIFE,Mar 2017,+,-,-,Shareholder Returns
SBILIFE,Mar 2018,+,-,-,Shareholder Returns
SBILIFE,Mar 2019,+,-,-,Shareholder Returns
SBILIFE,Mar 2020,+,-,-,Shareholder Returns
SBILIFE,Mar 2021,+,-,+,Mixed
SBILIFE,Mar 2022,+,-,-,Shareholder Returns
SBILIFE,Mar 2023,+,-,-,Shareholder Returns
SBILIFE,Mar 2024,+,-,-,Shareholder Returns
SHREECEM,Jun 2013,+,-,-,Shareholder Returns
SHREECEM,Jun 2014,+,-,-,Shareholder Returns
SHREECEM,Jun 2015,+,-,-,Shareholder Returns
SHREECEM,Mar 2017,+,-,-,Shareholder Returns
SHREECEM,Mar 2018,+,-,+,Mixed
SHREECEM,Mar 2019,+,-,-,Shareholder Returns
SHREECEM,Mar 2020,+,-,+,Mixed
SHREECEM,Mar 2021,+,-,-,Shareholder Returns
SHREECEM,Mar 2022,+,-,-,Shareholder Returns
SHREECEM,Mar 2023,+,-,-,Shareholder Returns
SHREECEM,Mar 2024,+,-,-,Shareholder Returns
SHRIRAMFIN,Mar 2013,-,-,+,Growth Funded by Debt
SHRIRAMFIN,Mar 2014,-,-,+,Growth Funded by Debt
SHRIRAMFIN,Mar 2015,-,-,+,Growth Funded by Debt
SHRIRAMFIN,Mar 2016,-,-,+,Growth Funded by Debt
SHRIRAMFIN,Mar 2017,-,-,+,Growth Funded by Debt
SHRIRAMFIN,Mar 2018,-,+,+,Distress Signal
SHRIRAMFIN,Mar 2019,-,-,+,Growth Funded by Debt
SHRIRAMFIN,Mar 2020,-,-,+,Growth Funded by Debt
SHRIRAMFIN,Mar 2021,-,-,+,Growth Funded by Debt
SHRIRAMFIN,Mar 2022,-,-,+,Growth Funded by Debt
SHRIRAMFIN,Mar 2023,-,+,+,Distress Signal
SHRIRAMFIN,Mar 2024,-,-,+,Growth Funded by Debt
SIEMENS,Sep 2011,+,+,-,Liquidating Assets
SIEMENS,Sep 2014,+,+,-,Liquidating Assets
SIEMENS,Sep 2015,+,+,-,Liquidating Assets
SIEMENS,Sep 2016,+,+,-,Liquidating Assets
SIEMENS,Sep 2017,+,+,-,Liquidating Assets
SIEMENS,Sep 2018,+,-,-,Reinvestor
SIEMENS,Sep 2019,+,-,-,Reinvestor
SIEMENS,Sep 2020,+,+,-,Liquidating Assets
SIEMENS,Sep 2021,+,-,-,Reinvestor
SIEMENS,Sep 2022,+,-,-,Reinvestor
SIEMENS,Sep 2023,+,-,-,Reinvestor
SIEMENS,Sep 2024,+,-,-,Reinvestor
SUNPHARMA,Mar 2013,+,-,-,Shareholder Returns
SUNPHARMA,Mar 2014,+,-,+,Mixed
SUNPHARMA,Mar 2015,+,-,-,Shareholder Returns
SUNPHARMA,Mar 2016,+,-,-,Shareholder Returns
SUNPHARMA,Mar 2017,+,-,-,Shareholder Returns
SUNPHARMA,Mar 2018,+,-,-,Shareholder Returns
SUNPHARMA,Mar 2019,+,-,-,Shareholder Returns
SUNPHARMA,Mar 2020,+,-,-,Shareholder Returns
SUNPHARMA,Mar 2021,+,+,-,Liquidating Assets
SUNPHARMA,Mar 2022,+,-,-,Shareholder Returns
SUNPHARMA,Mar 2023,+,-,+,Mixed
SUNPHARMA,Mar 2024,+,-,-,Shareholder Returns
TATACONSUM,Mar 2013,+,+,+,Cash Accumulator
TATACONSUM,Mar 2014,+,-,-,Shareholder Returns
TATACONSUM,Mar 2015,+,-,-,Shareholder Returns
TATACONSUM,Mar 2016,+,+,-,Liquidating Assets
TATACONSUM,Mar 2017,+,+,-,Liquidating Assets
TATACONSUM,Mar 2018,+,-,-,Shareholder Returns
TATACONSUM,Mar 2019,+,+,-,Liquidating Assets
TATACONSUM,Mar 2020,+,-,-,Shareholder Returns
TATACONSUM,Mar 2021,+,-,-,Shareholder Returns
TATACONSUM,Mar 2022,+,-,-,Shareholder Returns
TATACONSUM,Mar 2023,+,-,-,Shareholder Returns
TATACONSUM,Mar 2024,+,-,+,Mixed
TATAMOTORS,Mar 2013,+,-,-,Reinvestor
TATAMOTORS,Mar 2014,+,-,-,Reinvestor
TATAMOTORS,Mar 2015,+,-,+,Mixed
TATAMOTORS,Mar 2016,+,-,-,Reinvestor
TATAMOTORS,Mar 2017,+,-,+,Mixed
TATAMOTORS,Mar 2018,+,-,+,Mixed
TATAMOTORS,Mar 2019,+,-,+,Mixed
TATAMOTORS,Mar 2020,+,-,+,Mixed
TATAMOTORS,Mar 2021,+,-,+,Mixed
TATAMOTORS,Mar 2022,+,-,-,Reinvestor
TATAMOTORS,Mar 2023,+,-,-,Reinvestor
TATAMOTORS,Mar 2024,+,-,-,Reinvestor
TATAPOWER,Mar 2013,+,-,-,Shareholder Returns
TATAPOWER,Mar 2014,+,-,-,Shareholder Returns
TATAPOWER,Mar 2015,+,-,-,Shareholder Returns
TATAPOWER,Mar 2016,+,-,-,Shareholder Returns
TATAPOWER,Mar 2017,+,-,+,Mixed
TATAPOWER,Mar 2018,+,-,-,Shareholder Returns
TATAPOWER,Mar 2019,+,-,-,Shareholder Returns
TATAPOWER,Mar 2020,+,-,-,Shareholder Returns
TATAPOWER,Mar 2021,+,+,-,Liquidating Assets
TATAPOWER,Mar 2022,+,-,-,Shareholder Returns
TATAPOWER,Mar 2023,+,-,+,Mixed
TATAPOWER,Mar 2024,+,-,-,Shareholder Returns
TATASTEEL,Mar 2013,+,-,-,Shareholder Returns
TATASTEEL,Mar 2014,+,-,+,Mixed
TATASTEEL,Mar 2015,+,-,-,Shareholder Returns
TATASTEEL,Mar 2016,+,-,-,Shareholder Returns
TATASTEEL,Mar 2017,+,-,-,Shareholder Returns
TATASTEEL,Mar 2018,+,-,+,Mixed
TATASTEEL,Mar 2019,+,-,-,Shareholder Returns
TATASTEEL,Mar 2020,+,-,-,Shareholder Returns
TATASTEEL,Mar 2021,+,-,-,Shareholder Returns
TATASTEEL,Mar 2022,+,-,-,Shareholder Returns
TATASTEEL,Mar 2023,+,-,-,Shareholder Returns
TATASTEEL,Mar 2024,+,-,-,Shareholder Returns
TCS,Mar 2013,+,-,-,Reinvestor
TCS,Mar 2014,+,-,-,Reinvestor
TCS,Mar 2015,+,-,-,Reinvestor
TCS,Mar 2016,+,-,-,Reinvestor
TCS,Mar 2017,+,-,-,Reinvestor
TCS,Mar 2018,+,+,-,Liquidating Assets
TCS,Mar 2019,+,+,-,Liquidating Assets
TCS,Mar 2020,+,+,-,Liquidating Assets
TCS,Mar 2021,+,-,-,Reinvestor
TCS,Mar 2022,+,-,-,Reinvestor
TCS,Mar 2023,+,+,-,Liquidating Assets
TCS,Mar 2024,+,+,-,Liquidating Assets
TECHM,Mar 2013,+,-,+,Mixed
TECHM,Mar 2014,+,+,-,Liquidating Assets
TECHM,Mar 2015,+,-,-,Shareholder Returns
TECHM,Mar 2016,+,-,-,Shareholder Returns
TECHM,Mar 2017,+,-,-,Shareholder Returns
TECHM,Mar 2018,+,-,-,Shareholder Returns
TECHM,Mar 2019,+,-,-,Shareholder Returns
TECHM,Mar 2020,+,+,-,Liquidating Assets
TECHM,Mar 2021,+,-,-,Shareholder Returns
TECHM,Mar 2022,+,+,-,Liquidating Assets
TECHM,Mar 2023,+,-,-,Shareholder Returns
TECHM,Mar 2024,+,-,-,Shareholder Returns
TITAN,Mar 2013,+,-,-,Reinvestor
TITAN,Mar 2014,-,-,+,Growth Funded by Debt
TITAN,Mar 2015,+,-,-,Reinvestor
TITAN,Mar 2016,+,-,-,Reinvestor
TITAN,Mar 2017,+,-,-,Reinvestor
TITAN,Mar 2018,-,+,-,Other
TITAN,Mar 2019,+,-,-,Reinvestor
TITAN,Mar 2020,-,+,-,Other
TITAN,Mar 2021,+,-,-,Reinvestor
TITAN,Mar 2022,-,+,-,Other
TITAN,Mar 2023,+,-,+,Mixed
TITAN,Mar 2024,+,-,-,Reinvestor
TORNTPHARM,Mar 2013,+,-,+,Mixed
TORNTPHARM,Mar 2014,+,-,+,Mixed
TORNTPHARM,Mar 2015,+,-,+,Mixed
TORNTPHARM,Mar 2016,+,-,-,Shareholder Returns
TORNTPHARM,Mar 2017,+,-,-,Shareholder Returns
TORNTPHARM,Mar 2018,+,-,+,Mixed
TORNTPHARM,Mar 2019,+,-,-,Shareholder Returns
TORNTPHARM,Mar 2020,+,+,-,Liquidating Assets
TORNTPHARM,Mar 2021,+,-,-,Shareholder Returns
TORNTPHARM,Mar 2022,+,-,-,Shareholder Returns
TORNTPHARM,Mar 2023,+,-,+,Mixed
TORNTPHARM,Mar 2024,+,-,-,Shareholder Returns
TRENT,Mar 2013,+,-,+,Mixed
TRENT,Mar 2014,-,-,-,Pre-Revenue
TRENT,Mar 2015,-,-,+,Growth Funded by Debt
TRENT,Mar 2016,+,-,-,Shareholder Returns
TRENT,Mar 2017,+,-,-,Shareholder Returns
TRENT,Mar 2018,+,-,-,Shareholder Returns
TRENT,Mar 2019,+,-,+,Mixed
TRENT,Mar 2020,+,-,+,Mixed
TRENT,Mar 2021,+,+,-,Liquidating Assets
TRENT,Mar 2022,+,+,-,Liquidating Assets
TRENT,Mar 2023,+,-,-,Shareholder Returns
TRENT,Mar 2024,+,-,-,Shareholder Returns
TVSMOTOR,Mar 2013,+,-,-,Reinvestor
TVSMOTOR,Mar 2014,+,-,-,Reinvestor
TVSMOTOR,Mar 2015,+,-,+,Mixed
TVSMOTOR,Mar 2016,+,-,-,Reinvestor
TVSMOTOR,Mar 2017,+,-,-,Reinvestor
TVSMOTOR,Mar 2018,+,-,+,Mixed
TVSMOTOR,Mar 2019,-,-,+,Growth Funded by Debt
TVSMOTOR,Mar 2020,+,-,+,Mixed
TVSMOTOR,Mar 2021,+,-,+,Mixed
TVSMOTOR,Mar 2022,-,-,+,Growth Funded by Debt
TVSMOTOR,Mar 2023,-,-,+,Growth Funded by Debt
TVSMOTOR,Mar 2024,-,-,+,Growth Funded by Debt
ULTRACEMCO,Mar 2013,+,-,+,Mixed
ULTRACEMCO,Mar 2014,+,-,-,Shareholder Returns
ULTRACEMCO,Mar 2015,+,-,-,Shareholder Returns
ULTRACEMCO,Mar 2016,+,-,-,Shareholder Returns
ULTRACEMCO,Mar 2017,+,-,-,Shareholder Returns
ULTRACEMCO,Mar 2018,+,+,-,Liquidating Assets
ULTRACEMCO,Mar 2019,+,+,-,Liquidating Assets
ULTRACEMCO,Mar 2020,+,-,-,Shareholder Returns
ULTRACEMCO,Mar 2021,+,-,-,Shareholder Returns
ULTRACEMCO,Mar 2022,+,+,-,Liquidating Assets
ULTRACEMCO,Mar 2023,+,-,-,Shareholder Returns
ULTRACEMCO,Mar 2024,+,-,-,Shareholder Returns
UNIONBANK,Mar 2013,-,-,+,Growth Funded by Debt
UNIONBANK,Mar 2014,+,-,+,Mixed
UNIONBANK,Mar 2015,-,-,+,Growth Funded by Debt
UNIONBANK,Mar 2016,+,-,-,Shareholder Returns
UNIONBANK,Mar 2017,-,-,+,Growth Funded by Debt
UNIONBANK,Mar 2018,+,-,+,Mixed
UNIONBANK,Mar 2019,-,-,+,Growth Funded by Debt
UNIONBANK,Mar 2020,-,-,+,Growth Funded by Debt
UNIONBANK,Mar 2021,+,-,-,Shareholder Returns
UNIONBANK,Mar 2022,+,-,-,Shareholder Returns
UNIONBANK,Mar 2023,+,-,-,Shareholder Returns
UNIONBANK,Mar 2024,+,-,-,Shareholder Returns
